GazeTime;Region;Target;PosX;PosY;PosZ;PlayerPosX;PlayerPosY;PlayerPosZ;LightIntensity;Velocity
4.121201;3;Transparency(Max);-24.57965;-0.03858662;-22.56882;19.83047;2.999997;2.147316;0;0;
0.041605;3;None;-9.519982;-0.02087855;-8.55084;19.83442;2.999997;2.563357;0;0;
