GazeTime;Region;Target;PosX;PosY;PosZ;PlayerPosX;PlayerPosY;PlayerPosZ;LightIntensity;Velocity
0.3340178;1;Size(Mid);1.22809;-3.852681;31.10407;-20;2.740998;-11.25928;0;0;
0.3474398;1;None;1.043552;-3.086089;27.93609;-20;2.67552;-7.785503;0;0;
0.3335752;1;None;0.8224295;-2.274947;25.28543;-20;2.612654;-4.450351;0;0;
0.444623;1;None;0.6987624;-1.361661;22.12808;-20;2.52886;-0.004911587;0;0;
0.08329105;1;None;0.6414979;-1.260752;21.56426;-20;2.513164;0.8278493;0;0;
